{"cameraMode":{"drawMode":0,"name":"Shaded","section":"Shading Mode"},"sceneLighting":false,"audioPlay":false,"sceneViewState":{"m_AlwaysRefresh":false,"showFog":true,"showSkybox":false,"showFlares":true,"showImageEffects":true,"showParticleSystems":true,"showVisualEffectGraphs":true,"m_FxEnabled":true},"in2DMode":false,"pivot":{"x":3.364000082015991,"y":2.877000093460083,"z":-5.196502685546875},"rotation":{"x":0.09460783749818802,"y":-0.03583589941263199,"z":0.003403151175007224,"w":0.9948790669441223},"size":0.1732049137353897,"orthographic":false}